test_split,random_forest,gradient_boosting,bagging
0.1,47.27115240330775,55.04971867922611,50.63083239321338
0.15,47.472204846711634,56.246678269296716,50.97458022500638
0.2,52.26340870090456,60.14953349356245,54.35748698159437
0.25,52.790756074345246,60.283273610191294,54.671315418605786
0.3,54.82900650727234,61.84742354710894,57.54198630880497
