test_split,random_forest,gradient_boosting,bagging
0.1,47.13434411120871,54.50334056062608,51.61093145471549
0.15,47.799802204252764,55.460133402666706,49.6855374194922
0.2,51.94592517930935,59.352089438633705,54.37354575369059
0.25,51.23538464313773,58.226907541677186,53.09994142008941
0.3,52.32802452977518,59.24204248236668,55.26686865027659
