test_split,random_forest,gradient_boosting,bagging
0.1,47.73913665566359,55.21538759611007,49.81498763071974
0.15,48.77151781836688,55.92479993304389,52.27905157144043
0.2,52.83976984212478,59.34931772773825,55.37616952408931
0.25,52.325330962539795,58.61112046203933,54.62628819059174
0.3,54.178668060702826,59.70964224040173,57.02612233799291
