test_split,random_forest,gradient_boosting,bagging
0.1,0.5025820914717829,0.4379424421789208,0.4450435950506556
0.15,0.477110921816487,0.4288177968355923,0.4411938750402361
0.2,0.47495707745647786,0.43081098731323075,0.42534898179851244
0.25,0.4802502872244482,0.4205541114949347,0.4017002295029831
0.3,0.47554361046258053,0.4233919139360892,0.4171982277714073
