test_split,random_forest,gradient_boosting,bagging
0.1,0.5025820914717829,0.4379424421789208,0.4450435950506556
0.15,0.477110921816487,0.4288177968355923,0.44119387504023616
0.2,0.47495707745647797,0.43081098731323075,0.4253489817985123
0.25,0.4802502872244482,0.4205541114949346,0.4017002295029831
0.3,0.47554361046258053,0.42339191393608927,0.4171982277714072
