test_split,random_forest,gradient_boosting,bagging
0.1,0.11165543202018928,0.05452100540814224,0.06383274812043631
0.15,0.12732229412609192,0.07046228353578247,0.08576154513558806
0.2,0.08994797582933514,0.03752900129305203,0.06762398021207457
0.25,0.0776216956191131,0.02637007331334802,0.03869387112551015
0.3,0.07034147354634726,0.034608273505805885,0.03701753435023154
