test_split,random_forest,gradient_boosting,bagging
0.1,0.10192433766864628,0.05503511252466002,0.04930960787947743
0.15,0.13461472073363842,0.07480609853936153,0.09537309043735782
0.2,0.08871070447128888,0.04742112548889339,0.058673768548801464
0.25,0.07418574584555856,0.03188497152938483,0.036082688040600906
0.3,0.0715883282951882,0.03840631731594717,0.03205878852548207
