test_split,random_forest,gradient_boosting,bagging
0.1,0.312406185174968,0.20226782273076113,0.23101041508248263
0.15,0.32129650596042275,0.19050056106844054,0.23404007206200608
0.2,0.2975869260167675,0.19355001601759192,0.22145436402424434
0.25,0.30241780274150665,0.19007360414154464,0.22274108612649685
0.3,0.2946521200740636,0.18799810127926994,0.21283782161483064
