test_split,random_forest,gradient_boosting,bagging
0.1,0.312406185174968,0.2022678227307611,0.2310104150824827
0.15,0.3212965059604227,0.19050056106844052,0.23404007206200608
0.2,0.2975869260167675,0.19355001601759195,0.22145436402424434
0.25,0.3024178027415066,0.19007360414154464,0.22274108612649685
0.3,0.29465212007406355,0.18799810127926997,0.2128378216148306
