test_split,random_forest,gradient_boosting,bagging
0.1,0.3760920327165899,0.34391458231520494,0.2790258870527115
0.15,0.38665527311569664,0.3183867518512773,0.2941992708021328
0.2,0.33926934488437527,0.2784419016615792,0.26941708069546905
0.25,0.3307693375766899,0.28299158426922333,0.270670393200209
0.3,0.3198463719784145,0.2712591008408035,0.2396672623714228
