test_split,random_forest,gradient_boosting,bagging
0.1,0.0034121516977096977,0.0043837296100428524,0.0028564337315263753
0.15,-0.0013481319378161772,-0.0014035892798267779,-0.0027763921039350324
0.2,-0.004538496643898604,-0.006225104967171591,-0.005167434289813677
0.25,-0.004919475372403737,-0.008484515152624139,-0.003792013031790398
0.3,-0.0024254813592077483,-0.008986079400207191,-0.005408833533757052
