test_split,random_forest,gradient_boosting,bagging
0.1,-0.0017711697042119834,-0.0036553890390679023,-0.0016585527004998601
0.15,-0.005737135874416,-0.00787752091892573,-0.006468189224465126
0.2,-0.0003674028002136565,-0.005800955318108136,-0.005427212169753548
0.25,-0.001738846440367392,-0.0032444766296555903,-0.0011654547583914044
0.3,0.0016933339819457994,-0.0008267370994051948,-0.0018901104379127399
