test_split,random_forest,gradient_boosting,bagging
0.1,0.338362979064211,0.28391439707432803,0.3125067441769427
0.15,0.3255541283901332,0.27590104718566477,0.27081081390090406
0.2,0.307374460463843,0.261407761706648,0.2810330622897154
0.25,0.31073928657937033,0.2764145929646788,0.2800011178409125
0.3,0.3134200634299299,0.2735817711839914,0.26512759751887194
