test_split,random_forest,gradient_boosting,bagging
0.1,0.33029859336418566,0.28694135721588143,0.3040988380204669
0.15,0.3359810722336853,0.27325152707850575,0.29835072987354816
0.2,0.3048653858445807,0.27141588336980704,0.26448547388220345
0.25,0.3169692700784035,0.2723678113120826,0.27786855316170944
0.3,0.29789686087800593,0.27457533323698513,0.2628193235245117
