test_split,random_forest,gradient_boosting,bagging
0.1,0.338362979064211,0.28391439707432803,0.31250674417694263
0.15,0.3255541283901332,0.2759010471856647,0.270810813900904
0.2,0.3073744604638429,0.26140776170664803,0.2810330622897153
0.25,0.3107392865793704,0.2764145929646789,0.2800011178409125
0.3,0.3134200634299299,0.2735817711839914,0.26512759751887194
