test_split,random_forest,gradient_boosting,bagging
0.1,0.48164855903133147,0.41313964059920505,0.44129623162348486
0.15,0.47315647345881506,0.3978088400215893,0.44427651144619773
0.2,0.49156445069828775,0.3978793792696197,0.445641537772085
0.25,0.4812108153252968,0.40339539151810894,0.43596905802150215
0.3,0.48226039798547643,0.4007912011469859,0.4351162908607239
