test_split,random_forest,gradient_boosting,bagging
0.1,0.45782220307936106,0.3732327641677607,0.39658932379482315
0.15,0.5156482070190602,0.41689672393816596,0.4636788149854114
0.2,0.49912590222311704,0.4110729060105866,0.4529676700346095
0.25,0.5207425271964103,0.42975794306405835,0.4724130925796269
0.3,0.5123009596394538,0.4339839564317199,0.4643529042914508
