test_split,random_forest,gradient_boosting,bagging
0.1,0.5106073069668593,0.40471414955596013,0.4597417751404932
0.15,0.5190039216141759,0.397891308658398,0.460901526684664
0.2,0.49366270798097645,0.4074026706080609,0.4357963624200922
0.25,0.484154341984803,0.3921119261162892,0.43736298914266014
0.3,0.4685489664144402,0.38429594285959656,0.42376511845645276
