test_split,random_forest,gradient_boosting,bagging
0.1,0.48491650065144415,0.40658977410921365,0.41814622674708024
0.15,0.48749012138103787,0.40546373567690247,0.4428375923304646
0.2,0.4872912394599487,0.40541250091378755,0.44637923971134497
0.25,0.4871396280967953,0.4076300490227595,0.4409134787454721
0.3,0.47731905208585645,0.40122576573620483,0.4332079609349185
