test_split,random_forest,gradient_boosting,bagging
0.1,0.5180306506725397,0.40602788684345537,0.4531409062741236
0.15,0.5073442526828085,0.39469012954224775,0.46438729944618684
0.2,0.4999271888602155,0.40106814711483507,0.435629218670714
0.25,0.4907265366686282,0.3910210577986702,0.43720907784036206
0.3,0.46949237097901253,0.37626420901908303,0.4034195499298455
