test_split,random_forest,gradient_boosting,bagging
0.1,0.44549859902566313,0.36123100304930916,0.3678811447336714
0.15,0.47059816419069944,0.39545775676879685,0.43291014530279154
0.2,0.4369860043027282,0.406441879613864,0.3823445117645477
0.25,0.4133258566171537,0.3808859925191981,0.3667632418977541
0.3,0.419566428447182,0.3600938284551951,0.3847784695439045
