test_split,random_forest,gradient_boosting,bagging
0.1,0.48928012250565356,0.38766120752518096,0.43148932426897274
0.15,0.5001283874947259,0.3688686602789818,0.4420633952024985
0.2,0.4833876303060107,0.3822662295411088,0.4244914050074929
0.25,0.467085219500982,0.3741692194512486,0.41454339294247217
0.3,0.4579387163770967,0.37462552644585356,0.3949974133083372
