test_split,random_forest,gradient_boosting,bagging
0.1,0.5177811081972804,0.421687114987083,0.4686806398920397
0.15,0.49481367677382027,0.4079240780566053,0.4496748488300102
0.2,0.4976400929747162,0.39870789936268525,0.4411587425697691
0.25,0.48338357179245506,0.39391270910525755,0.4287874822542161
0.3,0.4763830961354695,0.3886595880917797,0.42473798074284835
