test_split,random_forest,gradient_boosting,bagging
0.1,49.63776338426859,54.36718395427587,52.950997390817406
0.15,50.18865605559666,55.19915902519394,53.12570517156029
0.2,53.546738663441516,58.667553257304824,56.48856980042158
0.25,53.1908490799438,57.76748536606909,56.08453065694977
0.3,54.25465551094468,58.589852276105155,56.78626655720567
