test_split,random_forest,gradient_boosting,bagging
0.1,47.25022804708652,55.366959594697725,49.96040307160721
0.15,49.10887207627084,55.47494664710673,52.02134863480993
0.2,51.75374251692994,57.76967457836421,55.05361400139287
0.25,51.32914337956748,57.37757250285498,54.26337452229247
0.3,52.615295473199296,58.189231787465836,55.36540230915603
