test_split,random_forest,gradient_boosting,bagging
0.1,48.82706666940595,55.59978011600671,50.68495069662951
0.15,49.31740743785702,55.97189518571915,53.476250339359574
0.2,52.39115407615103,59.54203662804767,56.17174926576555
0.25,52.5341573872069,59.03936948747313,55.59063029551936
0.3,53.36924875392731,59.72328753003044,56.67184598201419
