test_split,random_forest,gradient_boosting,bagging
0.1,48.61613518558388,54.48714532136623,51.72072301331422
0.15,49.79515620793368,55.68956622554066,52.91035867916454
0.2,53.57460701386193,58.09423566271132,56.79953786426156
0.25,52.76149816399638,57.70074687880966,56.0862135895679
0.3,53.93841302610639,58.75997204762709,56.38031039181561
