test_split,random_forest,gradient_boosting,bagging
0.1,49.8639527185432,54.35369778330025,51.95388955345754
0.15,49.90212135547794,55.06539444741342,53.127460956016314
0.2,53.72809423288916,59.13277465111101,57.35461838674801
0.25,53.167038777564706,58.17951961361075,55.08758804873776
0.3,53.921479755425885,58.599454547345566,56.724078008
