test_split,random_forest,gradient_boosting,bagging
0.1,49.78467939521443,55.448144980594385,54.11871774498832
0.15,50.2832573296968,56.134687321139886,53.921343952926236
0.2,54.38196233073254,59.892014998301654,57.141193594423704
0.25,53.90562924885079,58.268844440748694,56.189080169054925
0.3,54.454830469066316,59.3458098099953,58.1514256473227
