test_split,random_forest,gradient_boosting,bagging
0.1,87.12136804714149,90.45194876328421,87.04833056911659
0.15,89.19696700180702,92.65167625898238,89.3504840011574
0.2,88.57340591118965,91.67998156736891,89.09255584761834
0.25,87.34020276899483,90.80165987558996,86.68966705846736
0.3,87.2379664303431,90.7223956114309,87.68533149036097
