test_split,random_forest,gradient_boosting,bagging
0.1,0.46038162972264685,0.45637281161597587,0.4181430432606056
0.15,0.44709747203500144,0.4312961804450163,0.4006283253501282
0.2,0.4399617052664812,0.43228242135611294,0.39563847963817755
0.25,0.43624485458754475,0.4276749839834523,0.4039931052261819
0.3,0.43668440536228736,0.428075895013927,0.392392288975438
