test_split,random_forest,gradient_boosting,bagging
0.1,63.74320298192881,63.65010147714794,63.75147402237108
0.15,63.81360851167867,64.0092808592697,63.818299316177914
0.2,67.51090654395362,67.45512249924232,67.55852887580429
0.25,67.5018690285281,67.4576213889122,67.50583201120546
0.3,68.41950310768254,68.35070629626959,68.40408441860993
