test_split,random_forest,gradient_boosting,bagging
0.1,0.008482443718951571,0.01146269686587693,0.0077574930463803595
0.15,-0.0024413387156918764,-0.015219154608069418,-0.004713066040663993
0.2,0.00409848646300357,0.0023163548978916816,0.0026334149134540352
0.25,0.0010185933557647297,-0.0007167389661064227,0.00011486814388754763
0.3,-0.003742407626481681,-0.005362437330071135,-0.003298286084559443
