test_split,random_forest,gradient_boosting,bagging
0.1,0.27272684480960835,0.21813755637539362,0.22244659264090236
0.15,0.26618150674279095,0.21699440208010978,0.21630416524999446
0.2,0.23426412669804203,0.21138990911348737,0.18847678726937345
0.25,0.2501765203399452,0.2118391974898514,0.21097698894280623
0.3,0.23199955429351088,0.2105657130457345,0.19964151147435188
