test_split,random_forest,gradient_boosting,bagging
0.1,0.3136026653113115,0.2804237178149226,0.263195351769453
0.15,0.3665050429875719,0.3093220115090221,0.3278448592041013
0.2,0.32134397832874034,0.2712060452672147,0.2733920984197479
0.25,0.325487819687995,0.2835258457202664,0.2810658660749541
0.3,0.3197694732290877,0.2896807638846194,0.28504503760574135
