test_split,random_forest,gradient_boosting,bagging
0.1,49.82484513718434,54.60281222066355,51.28313589694626
0.15,49.891545774604126,54.68034803646791,51.63371967779606
0.2,53.94800631274076,57.98083620269358,55.391763951513916
0.25,53.22699903692761,57.4803475867698,54.60663097069282
0.3,54.183718453210474,58.489735961401585,55.646524048724544
