test_split,random_forest,gradient_boosting,bagging
0.1,39.32434277506542,47.50841127490236,42.775798116674025
0.15,39.5167633140736,47.52965070566745,41.986726961083626
0.2,43.31362458970598,51.11476560539504,45.12005231153324
0.25,43.02275667054433,50.567454274051116,45.263459884550485
0.3,43.96679508707445,51.04600884252899,46.770766242768175
