test_split,random_forest,gradient_boosting,bagging
0.1,0.5007526619761964,0.3876395927754087,0.4242541536498797
0.15,0.5047873470156972,0.4008917265263022,0.4522685793283802
0.2,0.4858316388948853,0.3911956274029521,0.44069173535809164
0.25,0.4759056798779927,0.386287114195157,0.42304096759842535
0.3,0.46979032410500415,0.3829541107091674,0.39690407941563416
