test_split,random_forest,gradient_boosting,bagging
0.1,41.96803486973981,47.280155488794165,44.80700163125583
0.15,43.141388155204396,47.410399067102325,45.25842471876803
0.2,43.978571630134354,48.33658825105172,45.9859258288636
0.25,43.8980239357003,48.779424122701734,47.25560329173087
0.3,43.973785015506664,48.58288377853964,46.840308347167635
