test_split,random_forest,gradient_boosting,bagging
0.1,59.34992162125119,61.723790224648404,61.17696194022891
0.15,58.20752680341102,61.10035250317701,59.67490097608686
0.2,62.82331788074428,65.9355999341423,63.592516858106976
0.25,63.46700203568817,66.19725044838378,64.66564488704897
0.3,64.27303081318917,66.48920083909422,65.23090732522755
