test_split,random_forest,gradient_boosting,bagging
0.1,59.711772708548665,61.59366576139648,61.24213968735173
0.15,58.082033926559006,60.87701046326288,59.26161927943517
0.2,62.813605218795885,65.6181030872886,63.78907513282993
0.25,63.47541967710843,66.05121453111441,64.86927743547047
0.3,64.25463103605907,66.56732567105355,65.75401360997715
