test_split,random_forest,gradient_boosting,bagging
0.1,53.3130046146418,59.57219301340765,56.90340573241656
0.15,52.39075644726196,59.19247917936328,55.68788626787788
0.2,55.0248592250035,61.23298842495827,57.95470555507336
0.25,54.75010746653068,61.04443715111546,58.184610717158115
0.3,55.365098861591754,61.248989614863625,58.79820381322427
