test_split,random_forest,gradient_boosting,bagging
0.1,48.72407251711684,51.17844244081559,51.6935816702546
0.15,48.38114789425818,51.762109420463126,51.725860910017296
0.2,53.38093062001533,56.80077821785737,56.06197348090478
0.25,53.001641601425185,55.78319731760547,55.617096586389856
0.3,54.03181825707704,56.94108657355125,57.15674090395771
