test_split,random_forest,gradient_boosting,bagging
0.1,69.28858490003111,69.38759290705595,69.29048356025791
0.15,68.99710384922922,68.98304823602142,69.01521355842105
0.2,70.17355196494245,70.21293185104955,70.24810266953357
0.25,70.52483674918442,70.55636374701108,70.51890182766155
0.3,70.29398606925422,70.3278065841135,70.36553801614615
