test_split,random_forest,gradient_boosting,bagging
0.1,49.71520004254948,53.51704539736456,51.242164224170814
0.15,48.41314167608245,53.195480833982536,49.8005921836038
0.2,50.39120582730119,55.103165437007796,52.12591178924559
0.25,49.834380214430496,54.37383353338714,51.64229723733305
0.3,50.28294449326967,54.42531232700395,51.41808200584457
