test_split,random_forest,gradient_boosting,bagging
0.1,49.12073497235373,53.65901580202818,50.081783268201306
0.15,49.47803924286295,54.403672223058706,51.47861542444684
0.2,50.68048292373004,55.00421823298659,51.78527194643677
0.25,50.42180748651086,54.68615953565033,51.67582882704723
0.3,50.51435959803494,54.801480886856574,52.4346691549876
