test_split,random_forest,gradient_boosting,bagging
0.1,41.13585627509049,48.181998974682124,43.065289204039175
0.15,41.73309735926526,48.715360749282205,42.88000537962392
0.2,41.568995573728444,49.2903607152646,43.74968214044067
0.25,42.093343272066996,49.139291942453,44.20598385544662
0.3,42.03026513867742,49.25807388484765,44.169424571566516
