test_split,random_forest,gradient_boosting,bagging
0.1,40.46066713163613,48.06716190988625,43.21501676328917
0.15,40.19859057628575,48.56463542531539,42.77602497965872
0.2,43.88358567584761,51.691316927098306,46.69603932721435
0.25,43.97161127839898,51.30993213765267,46.12608688307408
0.3,44.841089717014675,51.49948084567616,47.79949668971703
