test_split,random_forest,gradient_boosting,bagging
0.1,42.01774313033469,49.53450547604561,44.39417260390345
0.15,42.12488017321427,48.79529381431216,44.28623008649976
0.2,43.590768745301304,51.287395337262055,46.05074463354423
0.25,44.31823661126898,51.65167634100992,46.947202538430254
0.3,44.66198842513018,51.664308789383725,46.89358209226398
