test_split,random_forest,gradient_boosting,bagging
0.1,60.458346292349646,66.33116439410546,64.6492290713455
0.15,57.50636961569776,63.311484102246354,59.27019328846351
0.2,58.105820005641704,62.50935906273713,60.71502426144883
0.25,59.63322722676702,63.49379708648978,62.30205477338582
0.3,58.89261993807459,63.941059740765,60.8863360522045
