test_split,random_forest,gradient_boosting,bagging
0.1,38.9522661564137,47.08881975806983,42.08864161052081
0.15,39.15068711029684,47.889487029143126,41.8153452667557
0.2,42.96177703142479,50.68476630651827,45.856562444458426
0.25,42.846841307121714,50.52711679854745,45.15659640154397
0.3,43.865557256030385,51.24009274082524,46.019629417642214
