test_split,random_forest,gradient_boosting,bagging
0.1,41.87504368304552,49.67152322330238,44.04372110555716
0.15,39.83643860838478,48.42345623239989,42.27337563063877
0.2,41.84669136701175,49.02999253544282,43.95631841444771
0.25,40.65604979587851,48.40353550336369,42.816280574100254
0.3,41.05166814015474,48.01605196467351,43.18442646600302
