test_split,random_forest,gradient_boosting,bagging
0.1,42.235708148811504,50.107332393990276,45.38576824057433
0.15,42.00155900542168,49.55034946651162,43.53808813912129
0.2,43.58844208400422,50.982437287045926,46.54852689870445
0.25,43.923532683151585,51.50745527615529,45.81961729315567
0.3,44.878533473120996,52.28099256357901,47.379549693595244
