test_split,random_forest,gradient_boosting,bagging
0.1,0.37002077640305325,0.2321763561981781,0.28287078165767665
0.15,0.38435484094329153,0.21049798709056408,0.29535191276057554
0.2,0.35055533521041676,0.204570848890843,0.281566809842111
0.25,0.33055141675412647,0.19333708415765663,0.27841078598685937
0.3,0.28612625765352523,0.16218915655533286,0.21436681144441705
