test_split,random_forest,gradient_boosting,bagging
0.10000000000000002,0.3572319437434781,0.2296576709691616,0.2442793503115589
0.15,0.3690284505400494,0.2132578924270037,0.32014056446629285
0.20000000000000004,0.33064406826539045,0.2096810949317708,0.2700582008205494
0.25,0.3334226430629026,0.21987193231062732,0.2897108288920435
0.3,0.3306321142574751,0.21657945055049763,0.25942349207986154
