test_split,random_forest,gradient_boosting,bagging
0.10000000000000002,0.32685443373338624,0.25071862132042605,0.23896169359053954
0.15,0.3175303949126997,0.22931462675745018,0.24637983325574067
0.20000000000000004,0.3004072152248052,0.22231720051312712,0.23660147727382055
0.25,0.30340648665796555,0.23322135804167543,0.2274949006115576
0.3,0.2973460629388995,0.22466027952428336,0.22955926201315455
