test_split,random_forest,gradient_boosting,bagging
0.10000000000000002,0.39083924042469603,0.22661113379262043,0.3200365835877811
0.15,0.35024564141155584,0.22070673791573428,0.27775473170689635
0.20000000000000004,0.34921664450567463,0.2537944722637248,0.2716236391084019
0.25,0.34495930542603315,0.24882132160244774,0.2676648406325559
0.3,0.3302315148957454,0.2353915622742189,0.2678045917951963
