test_split,random_forest,gradient_boosting,bagging
0.10000000000000002,0.32696127170782047,0.22937750408479274,0.2734618740113826
0.15,0.3328422653763336,0.2282097198965509,0.24004879927208064
0.20000000000000004,0.3218522822233854,0.2164907527033962,0.22714603405406597
0.25,0.3115988604271925,0.21302166581609785,0.26083924537189923
0.3,0.30630581438187193,0.22256369878825413,0.24099777616561932
