test_split,random_forest,gradient_boosting,bagging
0.10000000000000002,0.3223829801659777,0.22816296311828646,0.20898382211747502
0.15,0.3234698002273446,0.21411913621021925,0.22683023953172213
0.20000000000000004,0.29323835265990533,0.19924200796934363,0.21795231052942834
0.25,0.2970262991696497,0.2181287384850109,0.23795291791078196
0.3,0.2978377768297619,0.20677826152166837,0.21381900634079296
