feature_index,feature,importance
9,AV_cm3_g,0.1991276020787522
8,AV_VF,0.093864992439484
0,LCD,0.0901792475091062
1,PLD,0.0574346501759732
4,ASA_m2_cm3,0.0269638562211536
3,cm3_g,0.019580023503341
5,ASA_m2_g,0.0151964228964933
2,LFPD,0.0139948854419428
7,0ASA_m2_g,0.0088702756675825
12,Has_OMS,0.0026265631630719
10,0AV_cm3_g,0.0005099408813239
11,All_Metals,0.0
13,Open_Metal_Sites,0.0
14,FSR_overlap,-6.979236798383414e-05
6,0ASA_m2_cm3,-0.0009210712656013
