test_split,random_forest,gradient_boosting,bagging
0.1,0.6954128440366973,0.7247706422018348,0.7522935779816515
0.15,0.7033639143730887,0.7302752293577981,0.7314984709480122
0.2,0.6816513761467891,0.7009174311926605,0.7385321100917432
0.25,0.7023853211009176,0.713394495412844,0.7427522935779817
0.3,0.7058103975535169,0.7333333333333334,0.7351681957186544
