test_split,random_forest,gradient_boosting,bagging,logistic
0.1,-0.4331057196586098,-0.4931541506943187,-0.5510161702420934,-0.6210381376664345
0.15,-0.4666677058093014,-0.5222467678044488,-0.5234818737851102,-0.6259758900059751
0.2,-0.42413850987243207,-0.4643451613355346,-0.543574445791761,-0.5744638795077575
0.25,-0.4593790539656496,-0.48201961796341664,-0.5429691734823263,-0.5761743568440265
0.3,-0.4677442628493271,-0.5250840756100585,-0.5285775647311602,-0.6345018332930124
