test_split,random_forest,gradient_boosting,bagging
0.10000000000000002,0.37881573355116266,0.2231028666059517,0.3067919792453217
0.15,0.36700052759297597,0.21587878468316377,0.25931515930555554
0.20000000000000004,0.3306896381148782,0.2197648401804642,0.26202272724013537
0.25,0.33237583470832116,0.21975118953258366,0.27184349354567466
0.3,0.30424036691387923,0.20909985188770566,0.23608141074144098
