test_split,random_forest,gradient_boosting,bagging
0.10000000000000002,0.3605751338669414,0.1952908188545254,0.3044239768448651
0.15,0.3455376371383701,0.19652573612236376,0.2501849553144887
0.20000000000000004,0.3363931992919293,0.20540169924289578,0.23450186356101796
0.25,0.3258452431762104,0.20636405772122077,0.26031828599319967
0.3,0.322181713510676,0.20683747848531353,0.2470204441473297
