test_split,random_forest,gradient_boosting,bagging
0.10000000000000002,0.3563094303714111,0.23721916657540051,0.2895551956655121
0.15,0.3336355114238914,0.20962242649630916,0.23605536182647946
0.20000000000000004,0.3132307091319513,0.2292975333774022,0.23221082649002647
0.25,0.319956109582429,0.23234082594126482,0.2327850545665381
0.3,0.3104691947345949,0.22510949725953786,0.24483769762581684
